date,day_of_week,current_balance,scheduled_trips_count,turf_sports_flag,days_since_last_topup,serpapi_disruption_index,historical_daily_burn,commute_route,notes,stranded_event
2026-08-03,0,140.00,2,0,1,1.00,35.00,Margao-Farmagudi,Fresh topup safe Monday,0
2026-08-04,1,105.00,2,0,2,1.00,35.00,Margao-Farmagudi,Standard lectures,0
2026-08-05,2,70.00,2,0,3,1.00,35.00,Margao-Farmagudi,Lab practical,0
2026-08-06,3,35.00,2,0,4,1.00,35.00,Margao-Farmagudi,Tight balance warning,0
2026-08-07,4,15.00,3,1,5,1.25,55.00,Margao-Farmagudi-Wadi,Football match stranded next morning,1
2026-08-10,0,200.00,2,0,1,1.00,35.00,Margao-Farmagudi,Depot topup after being turned away,0
2026-08-11,1,165.00,2,0,2,1.00,35.00,Margao-Farmagudi,Regular day,0
2026-08-12,2,130.00,2,0,3,1.15,38.00,Margao-Farmagudi,Monsoon detour,0
2026-08-13,3,92.00,2,0,4,1.00,35.00,Margao-Farmagudi,Lecture day,0
2026-08-14,4,57.00,3,1,5,1.10,65.00,Margao-Farmagudi-Wadi,Football turf trip barely survived,0
2026-08-17,0,150.00,2,0,1,1.00,35.00,Margao-Farmagudi,New week,0
2026-08-18,1,115.00,2,0,2,1.00,35.00,Margao-Farmagudi,Regular day,0
2026-08-19,2,80.00,2,0,3,1.00,35.00,Margao-Farmagudi,Regular day,0
2026-08-20,3,45.00,2,0,4,1.00,35.00,Margao-Farmagudi,Regular day,0
2026-08-21,4,10.00,2,0,5,1.00,35.00,Margao-Farmagudi,Ran out of balance at depot,1
2026-08-24,0,100.00,2,0,1,1.00,35.00,Margao-Farmagudi,Recharged 100,0
2026-08-25,1,65.00,2,0,2,1.00,35.00,Margao-Farmagudi,Regular day,0
2026-08-26,2,30.00,2,0,3,1.00,35.00,Margao-Farmagudi,Regular day,0
2026-08-27,3,18.00,3,1,4,1.30,60.00,Margao-Farmagudi-Wadi,Wadi turf unplanned match stranded,1
2026-08-28,4,120.00,2,0,1,1.00,35.00,Margao-Farmagudi,Recharged after warning,0
2026-08-31,0,85.00,2,0,2,1.00,35.00,Margao-Farmagudi,Regular day,0
2026-09-01,1,50.00,2,0,3,1.00,35.00,Margao-Farmagudi,Safe,0
2026-09-02,2,15.00,2,0,4,1.00,35.00,Margao-Farmagudi,Low balance stranded,1
2026-09-03,3,150.00,2,0,1,1.00,35.00,Margao-Farmagudi,Fresh topup,0
2026-09-04,4,115.00,3,1,2,1.00,60.00,Margao-Farmagudi-Wadi,Football safe,0
2026-09-07,0,55.00,2,0,3,1.00,35.00,Margao-Farmagudi,Safe,0
2026-09-08,1,20.00,2,0,4,1.15,38.00,Margao-Farmagudi,Fare hike detour stranded,1
2026-09-09,2,180.00,2,0,1,1.00,35.00,Margao-Farmagudi,Fresh topup,0
2026-09-10,3,145.00,2,0,2,1.00,35.00,Margao-Farmagudi,Safe,0
2026-09-11,4,110.00,3,1,3,1.20,62.00,Margao-Farmagudi-Wadi,Football match safe,0
2026-09-14,0,48.00,2,0,4,1.00,35.00,Margao-Farmagudi,Safe Monday,0
2026-09-15,1,13.00,2,0,5,1.00,35.00,Margao-Farmagudi,Card declined morning,1
2026-09-16,2,200.00,2,0,1,1.00,35.00,Margao-Farmagudi,Topup 200,0
2026-09-17,3,165.00,2,0,2,1.00,35.00,Margao-Farmagudi,Safe,0
2026-09-18,4,130.00,3,1,3,1.10,58.00,Margao-Farmagudi-Wadi,Turf football safe,0
2026-09-21,0,72.00,2,0,4,1.00,35.00,Margao-Farmagudi,Safe,0
2026-09-22,1,37.00,2,0,5,1.00,35.00,Margao-Farmagudi,Safe Tuesday,0
2026-09-23,2,14.00,2,0,6,1.00,35.00,Margao-Farmagudi,Stranded next morning,1
2026-09-24,3,100.00,2,0,1,1.00,35.00,Margao-Farmagudi,Topup,0
2026-09-25,4,65.00,3,1,2,1.35,68.00,Margao-Farmagudi-Wadi,High disruption plus turf stranded,1
2026-09-28,0,160.00,2,0,1,1.00,35.00,Margao-Farmagudi,Fresh topup,0
2026-09-29,1,125.00,2,0,2,1.00,35.00,Margao-Farmagudi,Safe,0
2026-09-30,2,90.00,2,0,3,1.00,35.00,Margao-Farmagudi,Safe,0
2026-10-01,3,55.00,2,0,4,1.15,38.00,Margao-Farmagudi,Safe Thursday,0
2026-10-02,4,22.00,3,1,5,1.25,58.00,Margao-Farmagudi-Wadi,Friday turf high risk stranded,1
2026-08-01,5,25.00,1,0,6,1.00,20.00,Margao-Ponda,Saturday extra lab safe,0
2026-08-08,5,16.00,2,1,6,1.10,40.00,Margao-Wadi,Saturday morning turf stranded,1
2026-08-15,5,95.00,1,0,2,1.00,20.00,Margao-Panaji,Holiday visit safe,0
2026-08-22,5,32.00,1,0,4,1.00,20.00,Margao-Farmagudi,Safe library study,0
2026-08-29,5,18.00,2,1,6,1.20,45.00,Margao-Wadi,Turf practice stranded,1
2026-09-05,5,110.00,1,0,1,1.00,20.00,Margao-Panaji,Teachers day safe,0
2026-09-12,5,42.00,2,0,4,1.00,30.00,Margao-Farmagudi,Safe weekend,0
2026-09-19,5,20.00,2,1,5,1.25,50.00,Margao-Wadi,Turf stranded,1
2026-09-26,5,85.00,1,0,3,1.00,20.00,Margao-Ponda,Safe weekend,0
2026-08-02,6,170.00,0,0,0,1.00,0.00,Home,Sunday rest,0
2026-08-09,6,15.00,1,0,7,1.00,20.00,Margao-Depot,Sunday low balance safe,0
2026-08-16,6,130.00,0,0,1,1.00,0.00,Home,Sunday rest,0
2026-08-23,6,10.00,0,0,6,1.00,0.00,Home,Sunday no travel,0
2026-08-30,6,120.00,0,0,0,1.00,0.00,Home,Sunday topup,0
2026-09-06,6,75.00,0,0,2,1.00,0.00,Home,Sunday rest,0
2026-09-13,6,140.00,0,0,1,1.00,0.00,Home,Sunday rest,0
2026-09-20,6,28.00,0,0,5,1.00,0.00,Home,Sunday rest,0
2026-09-27,6,150.00,0,0,1,1.00,0.00,Home,Sunday rest,0
